genome	species_cluster	genus_cluster
184-8_plasmid1	1	1
184-8_plasmid2	2	2
184-8_plasmid3	3	3
A1-3_4_plasmid1	4	4
F4-1_13_plasmid1	4	4
A1-3_4_plasmid2	5	5
A3-3_8_plasmid1	6	6
F9-2_17_plasmid1	6	6
BI-1.1_plasmid1	7	7
Bin4_plasmid1	8	8
D9-1_10_plasmid1	9	9
DCY120_plasmid1	10	10
DSM_13961_plasmid1	11	11
DSM_13961_plasmid2	12	12
DSM_13961_plasmid3	13	13
DSM_14857_plasmid1	14	14
DSM_14857_plasmid2	15	15
DSM_14857_plasmid3	16	16
DSM_14857_plasmid4	17	17
DSM_14857_plasmid5	18	18
DSM_14857_plasmid6	19	19
DSM_14857_plasmid7	20	20
ESL0294_plasmid1	21	21
Hon2_plasmid2	47	21
ESL0294_plasmid2	22	22
ESL0294_plasmid3	23	23
ESL0294_plasmid4	24	24
LB26_plasmid2	49	24
ESL0294_plasmid5	25	25
ESL0295_plasmid1	26	26
ESL0394_plasmid1	27	27
ESL0394_plasmid2	28	28
ESL0449_plasmid1	29	29
ESL0449_plasmid2	30	30
ESL0449_plasmid3	31	31
ESL1187_plasmid1	33	32
ESL1092_plasmid1	32	32
ESL1093_plasmid1	32	32
ESL1197_plasmid1	34	33
ESL1309_plasmid1	35	34
ESL1309_plasmid2	36	35
ESL1309_plasmid3	37	36
F4-bin1_plasmid1	38	37
F4-bin1_plasmid2	39	38
F4-bin1_plasmid3	40	39
F4-bin2_plasmid1	41	40
F6-4_9_plasmid1	42	41
GUT-bin.11_plasmid1	43	42
GUT-bin.11_plasmid2	44	43
GUT-bin.8_plasmid1	45	44
Hon2_plasmid1	46	45
LB26_plasmid1	48	45
LV-8.1_plasmid1	50	46
LV-8.1_plasmid2	51	47
LV-8.1_plasmid3	52	48
LV-8.1_plasmid4	53	49
LV-8.1_plasmid5	54	50
MRS1-bin.10_plasmid1	55	51
MRS1-bin.10_plasmid2	56	52
MRS1-bin.8_plasmid1	57	53
MRS1-bin.8_plasmid2	58	54
MRS1-bin.8_plasmid3	59	55
MRS2-bin.14_plasmid2	61	55
MRS2-bin.14_plasmid1	60	56
MRS2-bin.14_plasmid3	62	57
MRS2-bin.14_plasmid4	63	58
MRS2-bin.14_plasmid5	64	59
NBRC_106464_plasmid1	65	60
NBRC_106464_plasmid2	66	61
NBRC_106464_plasmid3	67	62
NBRC_106464_plasmid4	68	63
NBRC_106464_plasmid5	69	64
NBRC_112868_plasmid1	70	65
XV6_plasmid1	71	66
